dataset,layers,benchmark_auc,simulated_auc
mnist_0,none,0.983,0.983
mnist_0,batchnorm,0.983,0.988
mnist_0,dropout,0.983,0.985
mnist_0,whitening,0.983,0.986
mnist_0,attention,0.983,0.991
mnist_0,residual,0.983,0.99
mnist_0,layernorm,0.983,0.987
mnist_0,dense,0.983,0.986
mnist_0,"batchnorm,dropout",0.983,0.99
mnist_0,"batchnorm,whitening",0.983,0.991
mnist_0,"batchnorm,attention",0.983,0.996
mnist_0,"batchnorm,residual",0.983,0.995
mnist_0,"batchnorm,layernorm",0.983,0.992
mnist_0,"batchnorm,dense",0.983,0.991
mnist_0,"dropout,whitening",0.983,0.988
mnist_0,"dropout,attention",0.983,0.993
mnist_0,"dropout,residual",0.983,0.992
mnist_0,"dropout,layernorm",0.983,0.989
mnist_0,"dropout,dense",0.983,0.988
mnist_0,"whitening,attention",0.983,0.994
mnist_0,"whitening,residual",0.983,0.993
mnist_0,"whitening,layernorm",0.983,0.99
mnist_0,"whitening,dense",0.983,0.989
mnist_0,"attention,residual",0.983,0.996
mnist_0,"attention,layernorm",0.983,0.995
mnist_0,"attention,dense",0.983,0.994
mnist_0,"residual,layernorm",0.983,0.994
mnist_0,"residual,dense",0.983,0.993
mnist_0,"layernorm,dense",0.983,0.99
mnist_0,"batchnorm,dropout,whitening",0.983,0.993
mnist_0,"batchnorm,dropout,attention",0.983,0.996
mnist_0,"batchnorm,dropout,residual",0.983,0.996
mnist_0,"batchnorm,dropout,layernorm",0.983,0.994
mnist_0,"batchnorm,dropout,dense",0.983,0.993
mnist_0,"batchnorm,whitening,attention",0.983,0.996
mnist_0,"batchnorm,whitening,residual",0.983,0.996
mnist_0,"batchnorm,whitening,layernorm",0.983,0.995
mnist_0,"batchnorm,whitening,dense",0.983,0.994
mnist_0,"batchnorm,attention,residual",0.983,0.996
mnist_0,"batchnorm,attention,layernorm",0.983,0.996
mnist_0,"batchnorm,attention,dense",0.983,0.996
mnist_0,"batchnorm,residual,layernorm",0.983,0.996
mnist_0,"batchnorm,residual,dense",0.983,0.996
mnist_0,"batchnorm,layernorm,dense",0.983,0.995
mnist_0,"dropout,whitening,attention",0.983,0.996
mnist_0,"dropout,whitening,residual",0.983,0.995
mnist_0,"dropout,whitening,layernorm",0.983,0.992
mnist_0,"dropout,whitening,dense",0.983,0.991
mnist_0,"dropout,attention,residual",0.983,0.996
mnist_0,"dropout,attention,layernorm",0.983,0.996
mnist_0,"dropout,attention,dense",0.983,0.996
mnist_0,"dropout,residual,layernorm",0.983,0.996
mnist_0,"dropout,residual,dense",0.983,0.995
mnist_0,"dropout,layernorm,dense",0.983,0.992
mnist_0,"whitening,attention,residual",0.983,0.996
mnist_0,"whitening,attention,layernorm",0.983,0.996
mnist_0,"whitening,attention,dense",0.983,0.996
mnist_0,"whitening,residual,layernorm",0.983,0.996
mnist_0,"whitening,residual,dense",0.983,0.996
mnist_0,"whitening,layernorm,dense",0.983,0.993
mnist_0,"attention,residual,layernorm",0.983,0.996
mnist_0,"attention,residual,dense",0.983,0.996
mnist_0,"attention,layernorm,dense",0.983,0.996
mnist_0,"residual,layernorm,dense",0.983,0.996
mnist_0,"batchnorm,dropout,whitening,attention",0.983,0.996
mnist_0,"batchnorm,dropout,whitening,residual",0.983,0.996
mnist_0,"batchnorm,dropout,whitening,layernorm",0.983,0.996
mnist_0,"batchnorm,dropout,whitening,dense",0.983,0.996
mnist_0,"batchnorm,dropout,attention,residual",0.983,0.996
mnist_0,"batchnorm,dropout,attention,layernorm",0.983,0.996
mnist_0,"batchnorm,dropout,attention,dense",0.983,0.996
mnist_0,"batchnorm,dropout,residual,layernorm",0.983,0.996
mnist_0,"batchnorm,dropout,residual,dense",0.983,0.996
mnist_0,"batchnorm,dropout,layernorm,dense",0.983,0.996
mnist_0,"batchnorm,whitening,attention,residual",0.983,0.996
mnist_0,"batchnorm,whitening,attention,layernorm",0.983,0.996
mnist_0,"batchnorm,whitening,attention,dense",0.983,0.996
mnist_0,"batchnorm,whitening,residual,layernorm",0.983,0.996
mnist_0,"batchnorm,whitening,residual,dense",0.983,0.996
mnist_0,"batchnorm,whitening,layernorm,dense",0.983,0.996
mnist_0,"batchnorm,attention,residual,layernorm",0.983,0.996
mnist_0,"batchnorm,attention,residual,dense",0.983,0.996
mnist_0,"batchnorm,attention,layernorm,dense",0.983,0.996
mnist_0,"batchnorm,residual,layernorm,dense",0.983,0.996
mnist_0,"dropout,whitening,attention,residual",0.983,0.996
mnist_0,"dropout,whitening,attention,layernorm",0.983,0.996
mnist_0,"dropout,whitening,attention,dense",0.983,0.996
mnist_0,"dropout,whitening,residual,layernorm",0.983,0.996
mnist_0,"dropout,whitening,residual,dense",0.983,0.996
mnist_0,"dropout,whitening,layernorm,dense",0.983,0.995
mnist_0,"dropout,attention,residual,layernorm",0.983,0.996
mnist_0,"dropout,attention,residual,dense",0.983,0.996
mnist_0,"dropout,attention,layernorm,dense",0.983,0.996
mnist_0,"dropout,residual,layernorm,dense",0.983,0.996
mnist_0,"whitening,attention,residual,layernorm",0.983,0.996
mnist_0,"whitening,attention,residual,dense",0.983,0.996
mnist_0,"whitening,attention,layernorm,dense",0.983,0.996
mnist_0,"whitening,residual,layernorm,dense",0.983,0.996
mnist_0,"attention,residual,layernorm,dense",0.983,0.996
mnist_0,"batchnorm,dropout,whitening,attention,residual",0.983,0.996
mnist_0,"batchnorm,dropout,whitening,attention,layernorm",0.983,0.996
mnist_0,"batchnorm,dropout,whitening,attention,dense",0.983,0.996
mnist_0,"batchnorm,dropout,whitening,residual,layernorm",0.983,0.996
mnist_0,"batchnorm,dropout,whitening,residual,dense",0.983,0.996
mnist_0,"batchnorm,dropout,whitening,layernorm,dense",0.983,0.996
mnist_0,"batchnorm,dropout,attention,residual,layernorm",0.983,0.996
mnist_0,"batchnorm,dropout,attention,residual,dense",0.983,0.996
mnist_0,"batchnorm,dropout,attention,layernorm,dense",0.983,0.996
mnist_0,"batchnorm,dropout,residual,layernorm,dense",0.983,0.996
mnist_0,"batchnorm,whitening,attention,residual,layernorm",0.983,0.996
mnist_0,"batchnorm,whitening,attention,residual,dense",0.983,0.996
mnist_0,"batchnorm,whitening,attention,layernorm,dense",0.983,0.996
mnist_0,"batchnorm,whitening,residual,layernorm,dense",0.983,0.996
mnist_0,"batchnorm,attention,residual,layernorm,dense",0.983,0.996
mnist_0,"dropout,whitening,attention,residual,layernorm",0.983,0.996
mnist_0,"dropout,whitening,attention,residual,dense",0.983,0.996
mnist_0,"dropout,whitening,attention,layernorm,dense",0.983,0.996
mnist_0,"dropout,whitening,residual,layernorm,dense",0.983,0.996
mnist_0,"dropout,attention,residual,layernorm,dense",0.983,0.996
mnist_0,"whitening,attention,residual,layernorm,dense",0.983,0.996
mnist_0,"batchnorm,dropout,whitening,attention,residual,layernorm",0.983,0.996
mnist_0,"batchnorm,dropout,whitening,attention,residual,dense",0.983,0.996
mnist_0,"batchnorm,dropout,whitening,attention,layernorm,dense",0.983,0.996
mnist_0,"batchnorm,dropout,whitening,residual,layernorm,dense",0.983,0.996
mnist_0,"batchnorm,dropout,attention,residual,layernorm,dense",0.983,0.996
mnist_0,"batchnorm,whitening,attention,residual,layernorm,dense",0.983,0.996
mnist_0,"dropout,whitening,attention,residual,layernorm,dense",0.983,0.996
mnist_0,"batchnorm,dropout,whitening,attention,residual,layernorm,dense",0.983,0.996
mnist_1,none,0.986,0.986
mnist_1,batchnorm,0.986,0.991
mnist_1,dropout,0.986,0.988
mnist_1,whitening,0.986,0.989
mnist_1,attention,0.986,0.994
mnist_1,residual,0.986,0.993
mnist_1,layernorm,0.986,0.99
mnist_1,dense,0.986,0.989
mnist_1,"batchnorm,dropout",0.986,0.993
mnist_1,"batchnorm,whitening",0.986,0.994
mnist_1,"batchnorm,attention",0.986,0.996
mnist_1,"batchnorm,residual",0.986,0.996
mnist_1,"batchnorm,layernorm",0.986,0.995
mnist_1,"batchnorm,dense",0.986,0.994
mnist_1,"dropout,whitening",0.986,0.991
mnist_1,"dropout,attention",0.986,0.996
mnist_1,"dropout,residual",0.986,0.995
mnist_1,"dropout,layernorm",0.986,0.992
mnist_1,"dropout,dense",0.986,0.991
mnist_1,"whitening,attention",0.986,0.996
mnist_1,"whitening,residual",0.986,0.996
mnist_1,"whitening,layernorm",0.986,0.993
mnist_1,"whitening,dense",0.986,0.992
mnist_1,"attention,residual",0.986,0.996
mnist_1,"attention,layernorm",0.986,0.996
mnist_1,"attention,dense",0.986,0.996
mnist_1,"residual,layernorm",0.986,0.996
mnist_1,"residual,dense",0.986,0.996
mnist_1,"layernorm,dense",0.986,0.993
mnist_1,"batchnorm,dropout,whitening",0.986,0.996
mnist_1,"batchnorm,dropout,attention",0.986,0.996
mnist_1,"batchnorm,dropout,residual",0.986,0.996
mnist_1,"batchnorm,dropout,layernorm",0.986,0.996
mnist_1,"batchnorm,dropout,dense",0.986,0.996
mnist_1,"batchnorm,whitening,attention",0.986,0.996
mnist_1,"batchnorm,whitening,residual",0.986,0.996
mnist_1,"batchnorm,whitening,layernorm",0.986,0.996
mnist_1,"batchnorm,whitening,dense",0.986,0.996
mnist_1,"batchnorm,attention,residual",0.986,0.996
mnist_1,"batchnorm,attention,layernorm",0.986,0.996
mnist_1,"batchnorm,attention,dense",0.986,0.996
mnist_1,"batchnorm,residual,layernorm",0.986,0.996
mnist_1,"batchnorm,residual,dense",0.986,0.996
mnist_1,"batchnorm,layernorm,dense",0.986,0.996
mnist_1,"dropout,whitening,attention",0.986,0.996
mnist_1,"dropout,whitening,residual",0.986,0.996
mnist_1,"dropout,whitening,layernorm",0.986,0.995
mnist_1,"dropout,whitening,dense",0.986,0.994
mnist_1,"dropout,attention,residual",0.986,0.996
mnist_1,"dropout,attention,layernorm",0.986,0.996
mnist_1,"dropout,attention,dense",0.986,0.996
mnist_1,"dropout,residual,layernorm",0.986,0.996
mnist_1,"dropout,residual,dense",0.986,0.996
mnist_1,"dropout,layernorm,dense",0.986,0.995
mnist_1,"whitening,attention,residual",0.986,0.996
mnist_1,"whitening,attention,layernorm",0.986,0.996
mnist_1,"whitening,attention,dense",0.986,0.996
mnist_1,"whitening,residual,layernorm",0.986,0.996
mnist_1,"whitening,residual,dense",0.986,0.996
mnist_1,"whitening,layernorm,dense",0.986,0.996
mnist_1,"attention,residual,layernorm",0.986,0.996
mnist_1,"attention,residual,dense",0.986,0.996
mnist_1,"attention,layernorm,dense",0.986,0.996
mnist_1,"residual,layernorm,dense",0.986,0.996
mnist_1,"batchnorm,dropout,whitening,attention",0.986,0.996
mnist_1,"batchnorm,dropout,whitening,residual",0.986,0.996
mnist_1,"batchnorm,dropout,whitening,layernorm",0.986,0.996
mnist_1,"batchnorm,dropout,whitening,dense",0.986,0.996
mnist_1,"batchnorm,dropout,attention,residual",0.986,0.996
mnist_1,"batchnorm,dropout,attention,layernorm",0.986,0.996
mnist_1,"batchnorm,dropout,attention,dense",0.986,0.996
mnist_1,"batchnorm,dropout,residual,layernorm",0.986,0.996
mnist_1,"batchnorm,dropout,residual,dense",0.986,0.996
mnist_1,"batchnorm,dropout,layernorm,dense",0.986,0.996
mnist_1,"batchnorm,whitening,attention,residual",0.986,0.996
mnist_1,"batchnorm,whitening,attention,layernorm",0.986,0.996
mnist_1,"batchnorm,whitening,attention,dense",0.986,0.996
mnist_1,"batchnorm,whitening,residual,layernorm",0.986,0.996
mnist_1,"batchnorm,whitening,residual,dense",0.986,0.996
mnist_1,"batchnorm,whitening,layernorm,dense",0.986,0.996
mnist_1,"batchnorm,attention,residual,layernorm",0.986,0.996
mnist_1,"batchnorm,attention,residual,dense",0.986,0.996
mnist_1,"batchnorm,attention,layernorm,dense",0.986,0.996
mnist_1,"batchnorm,residual,layernorm,dense",0.986,0.996
mnist_1,"dropout,whitening,attention,residual",0.986,0.996
mnist_1,"dropout,whitening,attention,layernorm",0.986,0.996
mnist_1,"dropout,whitening,attention,dense",0.986,0.996
mnist_1,"dropout,whitening,residual,layernorm",0.986,0.996
mnist_1,"dropout,whitening,residual,dense",0.986,0.996
mnist_1,"dropout,whitening,layernorm,dense",0.986,0.996
mnist_1,"dropout,attention,residual,layernorm",0.986,0.996
mnist_1,"dropout,attention,residual,dense",0.986,0.996
mnist_1,"dropout,attention,layernorm,dense",0.986,0.996
mnist_1,"dropout,residual,layernorm,dense",0.986,0.996
mnist_1,"whitening,attention,residual,layernorm",0.986,0.996
mnist_1,"whitening,attention,residual,dense",0.986,0.996
mnist_1,"whitening,attention,layernorm,dense",0.986,0.996
mnist_1,"whitening,residual,layernorm,dense",0.986,0.996
mnist_1,"attention,residual,layernorm,dense",0.986,0.996
mnist_1,"batchnorm,dropout,whitening,attention,residual",0.986,0.996
mnist_1,"batchnorm,dropout,whitening,attention,layernorm",0.986,0.996
mnist_1,"batchnorm,dropout,whitening,attention,dense",0.986,0.996
mnist_1,"batchnorm,dropout,whitening,residual,layernorm",0.986,0.996
mnist_1,"batchnorm,dropout,whitening,residual,dense",0.986,0.996
mnist_1,"batchnorm,dropout,whitening,layernorm,dense",0.986,0.996
mnist_1,"batchnorm,dropout,attention,residual,layernorm",0.986,0.996
mnist_1,"batchnorm,dropout,attention,residual,dense",0.986,0.996
mnist_1,"batchnorm,dropout,attention,layernorm,dense",0.986,0.996
mnist_1,"batchnorm,dropout,residual,layernorm,dense",0.986,0.996
mnist_1,"batchnorm,whitening,attention,residual,layernorm",0.986,0.996
mnist_1,"batchnorm,whitening,attention,residual,dense",0.986,0.996
mnist_1,"batchnorm,whitening,attention,layernorm,dense",0.986,0.996
mnist_1,"batchnorm,whitening,residual,layernorm,dense",0.986,0.996
mnist_1,"batchnorm,attention,residual,layernorm,dense",0.986,0.996
mnist_1,"dropout,whitening,attention,residual,layernorm",0.986,0.996
mnist_1,"dropout,whitening,attention,residual,dense",0.986,0.996
mnist_1,"dropout,whitening,attention,layernorm,dense",0.986,0.996
mnist_1,"dropout,whitening,residual,layernorm,dense",0.986,0.996
mnist_1,"dropout,attention,residual,layernorm,dense",0.986,0.996
mnist_1,"whitening,attention,residual,layernorm,dense",0.986,0.996
mnist_1,"batchnorm,dropout,whitening,attention,residual,layernorm",0.986,0.996
mnist_1,"batchnorm,dropout,whitening,attention,residual,dense",0.986,0.996
mnist_1,"batchnorm,dropout,whitening,attention,layernorm,dense",0.986,0.996
mnist_1,"batchnorm,dropout,whitening,residual,layernorm,dense",0.986,0.996
mnist_1,"batchnorm,dropout,attention,residual,layernorm,dense",0.986,0.996
mnist_1,"batchnorm,whitening,attention,residual,layernorm,dense",0.986,0.996
mnist_1,"dropout,whitening,attention,residual,layernorm,dense",0.986,0.996
mnist_1,"batchnorm,dropout,whitening,attention,residual,layernorm,dense",0.986,0.996
mnist_2,none,0.961,0.961
mnist_2,batchnorm,0.961,0.966
mnist_2,dropout,0.961,0.963
mnist_2,whitening,0.961,0.964
mnist_2,attention,0.961,0.969
mnist_2,residual,0.961,0.968
mnist_2,layernorm,0.961,0.965
mnist_2,dense,0.961,0.964
mnist_2,"batchnorm,dropout",0.961,0.968
mnist_2,"batchnorm,whitening",0.961,0.969
mnist_2,"batchnorm,attention",0.961,0.974
mnist_2,"batchnorm,residual",0.961,0.973
mnist_2,"batchnorm,layernorm",0.961,0.97
mnist_2,"batchnorm,dense",0.961,0.969
mnist_2,"dropout,whitening",0.961,0.966
mnist_2,"dropout,attention",0.961,0.971
mnist_2,"dropout,residual",0.961,0.97
mnist_2,"dropout,layernorm",0.961,0.967
mnist_2,"dropout,dense",0.961,0.966
mnist_2,"whitening,attention",0.961,0.972
mnist_2,"whitening,residual",0.961,0.971
mnist_2,"whitening,layernorm",0.961,0.968
mnist_2,"whitening,dense",0.961,0.967
mnist_2,"attention,residual",0.961,0.976
mnist_2,"attention,layernorm",0.961,0.973
mnist_2,"attention,dense",0.961,0.972
mnist_2,"residual,layernorm",0.961,0.972
mnist_2,"residual,dense",0.961,0.971
mnist_2,"layernorm,dense",0.961,0.968
mnist_2,"batchnorm,dropout,whitening",0.961,0.971
mnist_2,"batchnorm,dropout,attention",0.961,0.976
mnist_2,"batchnorm,dropout,residual",0.961,0.975
mnist_2,"batchnorm,dropout,layernorm",0.961,0.972
mnist_2,"batchnorm,dropout,dense",0.961,0.971
mnist_2,"batchnorm,whitening,attention",0.961,0.977
mnist_2,"batchnorm,whitening,residual",0.961,0.976
mnist_2,"batchnorm,whitening,layernorm",0.961,0.973
mnist_2,"batchnorm,whitening,dense",0.961,0.972
mnist_2,"batchnorm,attention,residual",0.961,0.981
mnist_2,"batchnorm,attention,layernorm",0.961,0.978
mnist_2,"batchnorm,attention,dense",0.961,0.977
mnist_2,"batchnorm,residual,layernorm",0.961,0.977
mnist_2,"batchnorm,residual,dense",0.961,0.976
mnist_2,"batchnorm,layernorm,dense",0.961,0.973
mnist_2,"dropout,whitening,attention",0.961,0.974
mnist_2,"dropout,whitening,residual",0.961,0.973
mnist_2,"dropout,whitening,layernorm",0.961,0.97
mnist_2,"dropout,whitening,dense",0.961,0.969
mnist_2,"dropout,attention,residual",0.961,0.978
mnist_2,"dropout,attention,layernorm",0.961,0.975
mnist_2,"dropout,attention,dense",0.961,0.974
mnist_2,"dropout,residual,layernorm",0.961,0.974
mnist_2,"dropout,residual,dense",0.961,0.973
mnist_2,"dropout,layernorm,dense",0.961,0.97
mnist_2,"whitening,attention,residual",0.961,0.979
mnist_2,"whitening,attention,layernorm",0.961,0.976
mnist_2,"whitening,attention,dense",0.961,0.975
mnist_2,"whitening,residual,layernorm",0.961,0.975
mnist_2,"whitening,residual,dense",0.961,0.974
mnist_2,"whitening,layernorm,dense",0.961,0.971
mnist_2,"attention,residual,layernorm",0.961,0.98
mnist_2,"attention,residual,dense",0.961,0.979
mnist_2,"attention,layernorm,dense",0.961,0.976
mnist_2,"residual,layernorm,dense",0.961,0.975
mnist_2,"batchnorm,dropout,whitening,attention",0.961,0.979
mnist_2,"batchnorm,dropout,whitening,residual",0.961,0.978
mnist_2,"batchnorm,dropout,whitening,layernorm",0.961,0.975
mnist_2,"batchnorm,dropout,whitening,dense",0.961,0.974
mnist_2,"batchnorm,dropout,attention,residual",0.961,0.983
mnist_2,"batchnorm,dropout,attention,layernorm",0.961,0.98
mnist_2,"batchnorm,dropout,attention,dense",0.961,0.979
mnist_2,"batchnorm,dropout,residual,layernorm",0.961,0.979
mnist_2,"batchnorm,dropout,residual,dense",0.961,0.978
mnist_2,"batchnorm,dropout,layernorm,dense",0.961,0.975
mnist_2,"batchnorm,whitening,attention,residual",0.961,0.984
mnist_2,"batchnorm,whitening,attention,layernorm",0.961,0.981
mnist_2,"batchnorm,whitening,attention,dense",0.961,0.98
mnist_2,"batchnorm,whitening,residual,layernorm",0.961,0.98
mnist_2,"batchnorm,whitening,residual,dense",0.961,0.979
mnist_2,"batchnorm,whitening,layernorm,dense",0.961,0.976
mnist_2,"batchnorm,attention,residual,layernorm",0.961,0.985
mnist_2,"batchnorm,attention,residual,dense",0.961,0.984
mnist_2,"batchnorm,attention,layernorm,dense",0.961,0.981
mnist_2,"batchnorm,residual,layernorm,dense",0.961,0.98
mnist_2,"dropout,whitening,attention,residual",0.961,0.981
mnist_2,"dropout,whitening,attention,layernorm",0.961,0.978
mnist_2,"dropout,whitening,attention,dense",0.961,0.977
mnist_2,"dropout,whitening,residual,layernorm",0.961,0.977
mnist_2,"dropout,whitening,residual,dense",0.961,0.976
mnist_2,"dropout,whitening,layernorm,dense",0.961,0.973
mnist_2,"dropout,attention,residual,layernorm",0.961,0.982
mnist_2,"dropout,attention,residual,dense",0.961,0.981
mnist_2,"dropout,attention,layernorm,dense",0.961,0.978
mnist_2,"dropout,residual,layernorm,dense",0.961,0.977
mnist_2,"whitening,attention,residual,layernorm",0.961,0.983
mnist_2,"whitening,attention,residual,dense",0.961,0.982
mnist_2,"whitening,attention,layernorm,dense",0.961,0.979
mnist_2,"whitening,residual,layernorm,dense",0.961,0.978
mnist_2,"attention,residual,layernorm,dense",0.961,0.983
mnist_2,"batchnorm,dropout,whitening,attention,residual",0.961,0.986
mnist_2,"batchnorm,dropout,whitening,attention,layernorm",0.961,0.983
mnist_2,"batchnorm,dropout,whitening,attention,dense",0.961,0.982
mnist_2,"batchnorm,dropout,whitening,residual,layernorm",0.961,0.982
mnist_2,"batchnorm,dropout,whitening,residual,dense",0.961,0.981
mnist_2,"batchnorm,dropout,whitening,layernorm,dense",0.961,0.978
mnist_2,"batchnorm,dropout,attention,residual,layernorm",0.961,0.987
mnist_2,"batchnorm,dropout,attention,residual,dense",0.961,0.986
mnist_2,"batchnorm,dropout,attention,layernorm,dense",0.961,0.983
mnist_2,"batchnorm,dropout,residual,layernorm,dense",0.961,0.982
mnist_2,"batchnorm,whitening,attention,residual,layernorm",0.961,0.988
mnist_2,"batchnorm,whitening,attention,residual,dense",0.961,0.987
mnist_2,"batchnorm,whitening,attention,layernorm,dense",0.961,0.984
mnist_2,"batchnorm,whitening,residual,layernorm,dense",0.961,0.983
mnist_2,"batchnorm,attention,residual,layernorm,dense",0.961,0.988
mnist_2,"dropout,whitening,attention,residual,layernorm",0.961,0.985
mnist_2,"dropout,whitening,attention,residual,dense",0.961,0.984
mnist_2,"dropout,whitening,attention,layernorm,dense",0.961,0.981
mnist_2,"dropout,whitening,residual,layernorm,dense",0.961,0.98
mnist_2,"dropout,attention,residual,layernorm,dense",0.961,0.985
mnist_2,"whitening,attention,residual,layernorm,dense",0.961,0.986
mnist_2,"batchnorm,dropout,whitening,attention,residual,layernorm",0.961,0.99
mnist_2,"batchnorm,dropout,whitening,attention,residual,dense",0.961,0.989
mnist_2,"batchnorm,dropout,whitening,attention,layernorm,dense",0.961,0.986
mnist_2,"batchnorm,dropout,whitening,residual,layernorm,dense",0.961,0.985
mnist_2,"batchnorm,dropout,attention,residual,layernorm,dense",0.961,0.99
mnist_2,"batchnorm,whitening,attention,residual,layernorm,dense",0.961,0.991
mnist_2,"dropout,whitening,attention,residual,layernorm,dense",0.961,0.988
mnist_2,"batchnorm,dropout,whitening,attention,residual,layernorm,dense",0.961,0.993
mnist_3,none,0.954,0.954
mnist_3,batchnorm,0.954,0.959
mnist_3,dropout,0.954,0.956
mnist_3,whitening,0.954,0.957
mnist_3,attention,0.954,0.962
mnist_3,residual,0.954,0.961
mnist_3,layernorm,0.954,0.958
mnist_3,dense,0.954,0.957
mnist_3,"batchnorm,dropout",0.954,0.961
mnist_3,"batchnorm,whitening",0.954,0.962
mnist_3,"batchnorm,attention",0.954,0.967
mnist_3,"batchnorm,residual",0.954,0.966
mnist_3,"batchnorm,layernorm",0.954,0.963
mnist_3,"batchnorm,dense",0.954,0.962
mnist_3,"dropout,whitening",0.954,0.959
mnist_3,"dropout,attention",0.954,0.964
mnist_3,"dropout,residual",0.954,0.963
mnist_3,"dropout,layernorm",0.954,0.96
mnist_3,"dropout,dense",0.954,0.959
mnist_3,"whitening,attention",0.954,0.965
mnist_3,"whitening,residual",0.954,0.964
mnist_3,"whitening,layernorm",0.954,0.961
mnist_3,"whitening,dense",0.954,0.96
mnist_3,"attention,residual",0.954,0.969
mnist_3,"attention,layernorm",0.954,0.966
mnist_3,"attention,dense",0.954,0.965
mnist_3,"residual,layernorm",0.954,0.965
mnist_3,"residual,dense",0.954,0.964
mnist_3,"layernorm,dense",0.954,0.961
mnist_3,"batchnorm,dropout,whitening",0.954,0.964
mnist_3,"batchnorm,dropout,attention",0.954,0.969
mnist_3,"batchnorm,dropout,residual",0.954,0.968
mnist_3,"batchnorm,dropout,layernorm",0.954,0.965
mnist_3,"batchnorm,dropout,dense",0.954,0.964
mnist_3,"batchnorm,whitening,attention",0.954,0.97
mnist_3,"batchnorm,whitening,residual",0.954,0.969
mnist_3,"batchnorm,whitening,layernorm",0.954,0.966
mnist_3,"batchnorm,whitening,dense",0.954,0.965
mnist_3,"batchnorm,attention,residual",0.954,0.974
mnist_3,"batchnorm,attention,layernorm",0.954,0.971
mnist_3,"batchnorm,attention,dense",0.954,0.97
mnist_3,"batchnorm,residual,layernorm",0.954,0.97
mnist_3,"batchnorm,residual,dense",0.954,0.969
mnist_3,"batchnorm,layernorm,dense",0.954,0.966
mnist_3,"dropout,whitening,attention",0.954,0.967
mnist_3,"dropout,whitening,residual",0.954,0.966
mnist_3,"dropout,whitening,layernorm",0.954,0.963
mnist_3,"dropout,whitening,dense",0.954,0.962
mnist_3,"dropout,attention,residual",0.954,0.971
mnist_3,"dropout,attention,layernorm",0.954,0.968
mnist_3,"dropout,attention,dense",0.954,0.967
mnist_3,"dropout,residual,layernorm",0.954,0.967
mnist_3,"dropout,residual,dense",0.954,0.966
mnist_3,"dropout,layernorm,dense",0.954,0.963
mnist_3,"whitening,attention,residual",0.954,0.972
mnist_3,"whitening,attention,layernorm",0.954,0.969
mnist_3,"whitening,attention,dense",0.954,0.968
mnist_3,"whitening,residual,layernorm",0.954,0.968
mnist_3,"whitening,residual,dense",0.954,0.967
mnist_3,"whitening,layernorm,dense",0.954,0.964
mnist_3,"attention,residual,layernorm",0.954,0.973
mnist_3,"attention,residual,dense",0.954,0.972
mnist_3,"attention,layernorm,dense",0.954,0.969
mnist_3,"residual,layernorm,dense",0.954,0.968
mnist_3,"batchnorm,dropout,whitening,attention",0.954,0.972
mnist_3,"batchnorm,dropout,whitening,residual",0.954,0.971
mnist_3,"batchnorm,dropout,whitening,layernorm",0.954,0.968
mnist_3,"batchnorm,dropout,whitening,dense",0.954,0.967
mnist_3,"batchnorm,dropout,attention,residual",0.954,0.976
mnist_3,"batchnorm,dropout,attention,layernorm",0.954,0.973
mnist_3,"batchnorm,dropout,attention,dense",0.954,0.972
mnist_3,"batchnorm,dropout,residual,layernorm",0.954,0.972
mnist_3,"batchnorm,dropout,residual,dense",0.954,0.971
mnist_3,"batchnorm,dropout,layernorm,dense",0.954,0.968
mnist_3,"batchnorm,whitening,attention,residual",0.954,0.977
mnist_3,"batchnorm,whitening,attention,layernorm",0.954,0.974
mnist_3,"batchnorm,whitening,attention,dense",0.954,0.973
mnist_3,"batchnorm,whitening,residual,layernorm",0.954,0.973
mnist_3,"batchnorm,whitening,residual,dense",0.954,0.972
mnist_3,"batchnorm,whitening,layernorm,dense",0.954,0.969
mnist_3,"batchnorm,attention,residual,layernorm",0.954,0.978
mnist_3,"batchnorm,attention,residual,dense",0.954,0.977
mnist_3,"batchnorm,attention,layernorm,dense",0.954,0.974
mnist_3,"batchnorm,residual,layernorm,dense",0.954,0.973
mnist_3,"dropout,whitening,attention,residual",0.954,0.974
mnist_3,"dropout,whitening,attention,layernorm",0.954,0.971
mnist_3,"dropout,whitening,attention,dense",0.954,0.97
mnist_3,"dropout,whitening,residual,layernorm",0.954,0.97
mnist_3,"dropout,whitening,residual,dense",0.954,0.969
mnist_3,"dropout,whitening,layernorm,dense",0.954,0.966
mnist_3,"dropout,attention,residual,layernorm",0.954,0.975
mnist_3,"dropout,attention,residual,dense",0.954,0.974
mnist_3,"dropout,attention,layernorm,dense",0.954,0.971
mnist_3,"dropout,residual,layernorm,dense",0.954,0.97
mnist_3,"whitening,attention,residual,layernorm",0.954,0.976
mnist_3,"whitening,attention,residual,dense",0.954,0.975
mnist_3,"whitening,attention,layernorm,dense",0.954,0.972
mnist_3,"whitening,residual,layernorm,dense",0.954,0.971
mnist_3,"attention,residual,layernorm,dense",0.954,0.976
mnist_3,"batchnorm,dropout,whitening,attention,residual",0.954,0.979
mnist_3,"batchnorm,dropout,whitening,attention,layernorm",0.954,0.976
mnist_3,"batchnorm,dropout,whitening,attention,dense",0.954,0.975
mnist_3,"batchnorm,dropout,whitening,residual,layernorm",0.954,0.975
mnist_3,"batchnorm,dropout,whitening,residual,dense",0.954,0.974
mnist_3,"batchnorm,dropout,whitening,layernorm,dense",0.954,0.971
mnist_3,"batchnorm,dropout,attention,residual,layernorm",0.954,0.98
mnist_3,"batchnorm,dropout,attention,residual,dense",0.954,0.979
mnist_3,"batchnorm,dropout,attention,layernorm,dense",0.954,0.976
mnist_3,"batchnorm,dropout,residual,layernorm,dense",0.954,0.975
mnist_3,"batchnorm,whitening,attention,residual,layernorm",0.954,0.981
mnist_3,"batchnorm,whitening,attention,residual,dense",0.954,0.98
mnist_3,"batchnorm,whitening,attention,layernorm,dense",0.954,0.977
mnist_3,"batchnorm,whitening,residual,layernorm,dense",0.954,0.976
mnist_3,"batchnorm,attention,residual,layernorm,dense",0.954,0.981
mnist_3,"dropout,whitening,attention,residual,layernorm",0.954,0.978
mnist_3,"dropout,whitening,attention,residual,dense",0.954,0.977
mnist_3,"dropout,whitening,attention,layernorm,dense",0.954,0.974
mnist_3,"dropout,whitening,residual,layernorm,dense",0.954,0.973
mnist_3,"dropout,attention,residual,layernorm,dense",0.954,0.978
mnist_3,"whitening,attention,residual,layernorm,dense",0.954,0.979
mnist_3,"batchnorm,dropout,whitening,attention,residual,layernorm",0.954,0.983
mnist_3,"batchnorm,dropout,whitening,attention,residual,dense",0.954,0.982
mnist_3,"batchnorm,dropout,whitening,attention,layernorm,dense",0.954,0.979
mnist_3,"batchnorm,dropout,whitening,residual,layernorm,dense",0.954,0.978
mnist_3,"batchnorm,dropout,attention,residual,layernorm,dense",0.954,0.983
mnist_3,"batchnorm,whitening,attention,residual,layernorm,dense",0.954,0.984
mnist_3,"dropout,whitening,attention,residual,layernorm,dense",0.954,0.981
mnist_3,"batchnorm,dropout,whitening,attention,residual,layernorm,dense",0.954,0.986
mnist_4,none,0.962,0.962
mnist_4,batchnorm,0.962,0.967
mnist_4,dropout,0.962,0.964
mnist_4,whitening,0.962,0.965
mnist_4,attention,0.962,0.97
mnist_4,residual,0.962,0.969
mnist_4,layernorm,0.962,0.966
mnist_4,dense,0.962,0.965
mnist_4,"batchnorm,dropout",0.962,0.969
mnist_4,"batchnorm,whitening",0.962,0.97
mnist_4,"batchnorm,attention",0.962,0.975
mnist_4,"batchnorm,residual",0.962,0.974
mnist_4,"batchnorm,layernorm",0.962,0.971
mnist_4,"batchnorm,dense",0.962,0.97
mnist_4,"dropout,whitening",0.962,0.967
mnist_4,"dropout,attention",0.962,0.972
mnist_4,"dropout,residual",0.962,0.971
mnist_4,"dropout,layernorm",0.962,0.968
mnist_4,"dropout,dense",0.962,0.967
mnist_4,"whitening,attention",0.962,0.973
mnist_4,"whitening,residual",0.962,0.972
mnist_4,"whitening,layernorm",0.962,0.969
mnist_4,"whitening,dense",0.962,0.968
mnist_4,"attention,residual",0.962,0.977
mnist_4,"attention,layernorm",0.962,0.974
mnist_4,"attention,dense",0.962,0.973
mnist_4,"residual,layernorm",0.962,0.973
mnist_4,"residual,dense",0.962,0.972
mnist_4,"layernorm,dense",0.962,0.969
mnist_4,"batchnorm,dropout,whitening",0.962,0.972
mnist_4,"batchnorm,dropout,attention",0.962,0.977
mnist_4,"batchnorm,dropout,residual",0.962,0.976
mnist_4,"batchnorm,dropout,layernorm",0.962,0.973
mnist_4,"batchnorm,dropout,dense",0.962,0.972
mnist_4,"batchnorm,whitening,attention",0.962,0.978
mnist_4,"batchnorm,whitening,residual",0.962,0.977
mnist_4,"batchnorm,whitening,layernorm",0.962,0.974
mnist_4,"batchnorm,whitening,dense",0.962,0.973
mnist_4,"batchnorm,attention,residual",0.962,0.982
mnist_4,"batchnorm,attention,layernorm",0.962,0.979
mnist_4,"batchnorm,attention,dense",0.962,0.978
mnist_4,"batchnorm,residual,layernorm",0.962,0.978
mnist_4,"batchnorm,residual,dense",0.962,0.977
mnist_4,"batchnorm,layernorm,dense",0.962,0.974
mnist_4,"dropout,whitening,attention",0.962,0.975
mnist_4,"dropout,whitening,residual",0.962,0.974
mnist_4,"dropout,whitening,layernorm",0.962,0.971
mnist_4,"dropout,whitening,dense",0.962,0.97
mnist_4,"dropout,attention,residual",0.962,0.979
mnist_4,"dropout,attention,layernorm",0.962,0.976
mnist_4,"dropout,attention,dense",0.962,0.975
mnist_4,"dropout,residual,layernorm",0.962,0.975
mnist_4,"dropout,residual,dense",0.962,0.974
mnist_4,"dropout,layernorm,dense",0.962,0.971
mnist_4,"whitening,attention,residual",0.962,0.98
mnist_4,"whitening,attention,layernorm",0.962,0.977
mnist_4,"whitening,attention,dense",0.962,0.976
mnist_4,"whitening,residual,layernorm",0.962,0.976
mnist_4,"whitening,residual,dense",0.962,0.975
mnist_4,"whitening,layernorm,dense",0.962,0.972
mnist_4,"attention,residual,layernorm",0.962,0.981
mnist_4,"attention,residual,dense",0.962,0.98
mnist_4,"attention,layernorm,dense",0.962,0.977
mnist_4,"residual,layernorm,dense",0.962,0.976
mnist_4,"batchnorm,dropout,whitening,attention",0.962,0.98
mnist_4,"batchnorm,dropout,whitening,residual",0.962,0.979
mnist_4,"batchnorm,dropout,whitening,layernorm",0.962,0.976
mnist_4,"batchnorm,dropout,whitening,dense",0.962,0.975
mnist_4,"batchnorm,dropout,attention,residual",0.962,0.984
mnist_4,"batchnorm,dropout,attention,layernorm",0.962,0.981
mnist_4,"batchnorm,dropout,attention,dense",0.962,0.98
mnist_4,"batchnorm,dropout,residual,layernorm",0.962,0.98
mnist_4,"batchnorm,dropout,residual,dense",0.962,0.979
mnist_4,"batchnorm,dropout,layernorm,dense",0.962,0.976
mnist_4,"batchnorm,whitening,attention,residual",0.962,0.985
mnist_4,"batchnorm,whitening,attention,layernorm",0.962,0.982
mnist_4,"batchnorm,whitening,attention,dense",0.962,0.981
mnist_4,"batchnorm,whitening,residual,layernorm",0.962,0.981
mnist_4,"batchnorm,whitening,residual,dense",0.962,0.98
mnist_4,"batchnorm,whitening,layernorm,dense",0.962,0.977
mnist_4,"batchnorm,attention,residual,layernorm",0.962,0.986
mnist_4,"batchnorm,attention,residual,dense",0.962,0.985
mnist_4,"batchnorm,attention,layernorm,dense",0.962,0.982
mnist_4,"batchnorm,residual,layernorm,dense",0.962,0.981
mnist_4,"dropout,whitening,attention,residual",0.962,0.982
mnist_4,"dropout,whitening,attention,layernorm",0.962,0.979
mnist_4,"dropout,whitening,attention,dense",0.962,0.978
mnist_4,"dropout,whitening,residual,layernorm",0.962,0.978
mnist_4,"dropout,whitening,residual,dense",0.962,0.977
mnist_4,"dropout,whitening,layernorm,dense",0.962,0.974
mnist_4,"dropout,attention,residual,layernorm",0.962,0.983
mnist_4,"dropout,attention,residual,dense",0.962,0.982
mnist_4,"dropout,attention,layernorm,dense",0.962,0.979
mnist_4,"dropout,residual,layernorm,dense",0.962,0.978
mnist_4,"whitening,attention,residual,layernorm",0.962,0.984
mnist_4,"whitening,attention,residual,dense",0.962,0.983
mnist_4,"whitening,attention,layernorm,dense",0.962,0.98
mnist_4,"whitening,residual,layernorm,dense",0.962,0.979
mnist_4,"attention,residual,layernorm,dense",0.962,0.984
mnist_4,"batchnorm,dropout,whitening,attention,residual",0.962,0.987
mnist_4,"batchnorm,dropout,whitening,attention,layernorm",0.962,0.984
mnist_4,"batchnorm,dropout,whitening,attention,dense",0.962,0.983
mnist_4,"batchnorm,dropout,whitening,residual,layernorm",0.962,0.983
mnist_4,"batchnorm,dropout,whitening,residual,dense",0.962,0.982
mnist_4,"batchnorm,dropout,whitening,layernorm,dense",0.962,0.979
mnist_4,"batchnorm,dropout,attention,residual,layernorm",0.962,0.988
mnist_4,"batchnorm,dropout,attention,residual,dense",0.962,0.987
mnist_4,"batchnorm,dropout,attention,layernorm,dense",0.962,0.984
mnist_4,"batchnorm,dropout,residual,layernorm,dense",0.962,0.983
mnist_4,"batchnorm,whitening,attention,residual,layernorm",0.962,0.989
mnist_4,"batchnorm,whitening,attention,residual,dense",0.962,0.988
mnist_4,"batchnorm,whitening,attention,layernorm,dense",0.962,0.985
mnist_4,"batchnorm,whitening,residual,layernorm,dense",0.962,0.984
mnist_4,"batchnorm,attention,residual,layernorm,dense",0.962,0.989
mnist_4,"dropout,whitening,attention,residual,layernorm",0.962,0.986
mnist_4,"dropout,whitening,attention,residual,dense",0.962,0.985
mnist_4,"dropout,whitening,attention,layernorm,dense",0.962,0.982
mnist_4,"dropout,whitening,residual,layernorm,dense",0.962,0.981
mnist_4,"dropout,attention,residual,layernorm,dense",0.962,0.986
mnist_4,"whitening,attention,residual,layernorm,dense",0.962,0.987
mnist_4,"batchnorm,dropout,whitening,attention,residual,layernorm",0.962,0.991
mnist_4,"batchnorm,dropout,whitening,attention,residual,dense",0.962,0.99
mnist_4,"batchnorm,dropout,whitening,attention,layernorm,dense",0.962,0.987
mnist_4,"batchnorm,dropout,whitening,residual,layernorm,dense",0.962,0.986
mnist_4,"batchnorm,dropout,attention,residual,layernorm,dense",0.962,0.991
mnist_4,"batchnorm,whitening,attention,residual,layernorm,dense",0.962,0.992
mnist_4,"dropout,whitening,attention,residual,layernorm,dense",0.962,0.989
mnist_4,"batchnorm,dropout,whitening,attention,residual,layernorm,dense",0.962,0.994
mnist_5,none,0.949,0.949
mnist_5,batchnorm,0.949,0.954
mnist_5,dropout,0.949,0.951
mnist_5,whitening,0.949,0.952
mnist_5,attention,0.949,0.957
mnist_5,residual,0.949,0.956
mnist_5,layernorm,0.949,0.953
mnist_5,dense,0.949,0.952
mnist_5,"batchnorm,dropout",0.949,0.956
mnist_5,"batchnorm,whitening",0.949,0.957
mnist_5,"batchnorm,attention",0.949,0.962
mnist_5,"batchnorm,residual",0.949,0.961
mnist_5,"batchnorm,layernorm",0.949,0.958
mnist_5,"batchnorm,dense",0.949,0.957
mnist_5,"dropout,whitening",0.949,0.954
mnist_5,"dropout,attention",0.949,0.959
mnist_5,"dropout,residual",0.949,0.958
mnist_5,"dropout,layernorm",0.949,0.955
mnist_5,"dropout,dense",0.949,0.954
mnist_5,"whitening,attention",0.949,0.96
mnist_5,"whitening,residual",0.949,0.959
mnist_5,"whitening,layernorm",0.949,0.956
mnist_5,"whitening,dense",0.949,0.955
mnist_5,"attention,residual",0.949,0.964
mnist_5,"attention,layernorm",0.949,0.961
mnist_5,"attention,dense",0.949,0.96
mnist_5,"residual,layernorm",0.949,0.96
mnist_5,"residual,dense",0.949,0.959
mnist_5,"layernorm,dense",0.949,0.956
mnist_5,"batchnorm,dropout,whitening",0.949,0.959
mnist_5,"batchnorm,dropout,attention",0.949,0.964
mnist_5,"batchnorm,dropout,residual",0.949,0.963
mnist_5,"batchnorm,dropout,layernorm",0.949,0.96
mnist_5,"batchnorm,dropout,dense",0.949,0.959
mnist_5,"batchnorm,whitening,attention",0.949,0.965
mnist_5,"batchnorm,whitening,residual",0.949,0.964
mnist_5,"batchnorm,whitening,layernorm",0.949,0.961
mnist_5,"batchnorm,whitening,dense",0.949,0.96
mnist_5,"batchnorm,attention,residual",0.949,0.969
mnist_5,"batchnorm,attention,layernorm",0.949,0.966
mnist_5,"batchnorm,attention,dense",0.949,0.965
mnist_5,"batchnorm,residual,layernorm",0.949,0.965
mnist_5,"batchnorm,residual,dense",0.949,0.964
mnist_5,"batchnorm,layernorm,dense",0.949,0.961
mnist_5,"dropout,whitening,attention",0.949,0.962
mnist_5,"dropout,whitening,residual",0.949,0.961
mnist_5,"dropout,whitening,layernorm",0.949,0.958
mnist_5,"dropout,whitening,dense",0.949,0.957
mnist_5,"dropout,attention,residual",0.949,0.966
mnist_5,"dropout,attention,layernorm",0.949,0.963
mnist_5,"dropout,attention,dense",0.949,0.962
mnist_5,"dropout,residual,layernorm",0.949,0.962
mnist_5,"dropout,residual,dense",0.949,0.961
mnist_5,"dropout,layernorm,dense",0.949,0.958
mnist_5,"whitening,attention,residual",0.949,0.967
mnist_5,"whitening,attention,layernorm",0.949,0.964
mnist_5,"whitening,attention,dense",0.949,0.963
mnist_5,"whitening,residual,layernorm",0.949,0.963
mnist_5,"whitening,residual,dense",0.949,0.962
mnist_5,"whitening,layernorm,dense",0.949,0.959
mnist_5,"attention,residual,layernorm",0.949,0.968
mnist_5,"attention,residual,dense",0.949,0.967
mnist_5,"attention,layernorm,dense",0.949,0.964
mnist_5,"residual,layernorm,dense",0.949,0.963
mnist_5,"batchnorm,dropout,whitening,attention",0.949,0.967
mnist_5,"batchnorm,dropout,whitening,residual",0.949,0.966
mnist_5,"batchnorm,dropout,whitening,layernorm",0.949,0.963
mnist_5,"batchnorm,dropout,whitening,dense",0.949,0.962
mnist_5,"batchnorm,dropout,attention,residual",0.949,0.971
mnist_5,"batchnorm,dropout,attention,layernorm",0.949,0.968
mnist_5,"batchnorm,dropout,attention,dense",0.949,0.967
mnist_5,"batchnorm,dropout,residual,layernorm",0.949,0.967
mnist_5,"batchnorm,dropout,residual,dense",0.949,0.966
mnist_5,"batchnorm,dropout,layernorm,dense",0.949,0.963
mnist_5,"batchnorm,whitening,attention,residual",0.949,0.972
mnist_5,"batchnorm,whitening,attention,layernorm",0.949,0.969
mnist_5,"batchnorm,whitening,attention,dense",0.949,0.968
mnist_5,"batchnorm,whitening,residual,layernorm",0.949,0.968
mnist_5,"batchnorm,whitening,residual,dense",0.949,0.967
mnist_5,"batchnorm,whitening,layernorm,dense",0.949,0.964
mnist_5,"batchnorm,attention,residual,layernorm",0.949,0.973
mnist_5,"batchnorm,attention,residual,dense",0.949,0.972
mnist_5,"batchnorm,attention,layernorm,dense",0.949,0.969
mnist_5,"batchnorm,residual,layernorm,dense",0.949,0.968
mnist_5,"dropout,whitening,attention,residual",0.949,0.969
mnist_5,"dropout,whitening,attention,layernorm",0.949,0.966
mnist_5,"dropout,whitening,attention,dense",0.949,0.965
mnist_5,"dropout,whitening,residual,layernorm",0.949,0.965
mnist_5,"dropout,whitening,residual,dense",0.949,0.964
mnist_5,"dropout,whitening,layernorm,dense",0.949,0.961
mnist_5,"dropout,attention,residual,layernorm",0.949,0.97
mnist_5,"dropout,attention,residual,dense",0.949,0.969
mnist_5,"dropout,attention,layernorm,dense",0.949,0.966
mnist_5,"dropout,residual,layernorm,dense",0.949,0.965
mnist_5,"whitening,attention,residual,layernorm",0.949,0.971
mnist_5,"whitening,attention,residual,dense",0.949,0.97
mnist_5,"whitening,attention,layernorm,dense",0.949,0.967
mnist_5,"whitening,residual,layernorm,dense",0.949,0.966
mnist_5,"attention,residual,layernorm,dense",0.949,0.971
mnist_5,"batchnorm,dropout,whitening,attention,residual",0.949,0.974
mnist_5,"batchnorm,dropout,whitening,attention,layernorm",0.949,0.971
mnist_5,"batchnorm,dropout,whitening,attention,dense",0.949,0.97
mnist_5,"batchnorm,dropout,whitening,residual,layernorm",0.949,0.97
mnist_5,"batchnorm,dropout,whitening,residual,dense",0.949,0.969
mnist_5,"batchnorm,dropout,whitening,layernorm,dense",0.949,0.966
mnist_5,"batchnorm,dropout,attention,residual,layernorm",0.949,0.975
mnist_5,"batchnorm,dropout,attention,residual,dense",0.949,0.974
mnist_5,"batchnorm,dropout,attention,layernorm,dense",0.949,0.971
mnist_5,"batchnorm,dropout,residual,layernorm,dense",0.949,0.97
mnist_5,"batchnorm,whitening,attention,residual,layernorm",0.949,0.976
mnist_5,"batchnorm,whitening,attention,residual,dense",0.949,0.975
mnist_5,"batchnorm,whitening,attention,layernorm,dense",0.949,0.972
mnist_5,"batchnorm,whitening,residual,layernorm,dense",0.949,0.971
mnist_5,"batchnorm,attention,residual,layernorm,dense",0.949,0.976
mnist_5,"dropout,whitening,attention,residual,layernorm",0.949,0.973
mnist_5,"dropout,whitening,attention,residual,dense",0.949,0.972
mnist_5,"dropout,whitening,attention,layernorm,dense",0.949,0.969
mnist_5,"dropout,whitening,residual,layernorm,dense",0.949,0.968
mnist_5,"dropout,attention,residual,layernorm,dense",0.949,0.973
mnist_5,"whitening,attention,residual,layernorm,dense",0.949,0.974
mnist_5,"batchnorm,dropout,whitening,attention,residual,layernorm",0.949,0.978
mnist_5,"batchnorm,dropout,whitening,attention,residual,dense",0.949,0.977
mnist_5,"batchnorm,dropout,whitening,attention,layernorm,dense",0.949,0.974
mnist_5,"batchnorm,dropout,whitening,residual,layernorm,dense",0.949,0.973
mnist_5,"batchnorm,dropout,attention,residual,layernorm,dense",0.949,0.978
mnist_5,"batchnorm,whitening,attention,residual,layernorm,dense",0.949,0.979
mnist_5,"dropout,whitening,attention,residual,layernorm,dense",0.949,0.976
mnist_5,"batchnorm,dropout,whitening,attention,residual,layernorm,dense",0.949,0.981
mnist_6,none,0.971,0.971
mnist_6,batchnorm,0.971,0.976
mnist_6,dropout,0.971,0.973
mnist_6,whitening,0.971,0.974
mnist_6,attention,0.971,0.979
mnist_6,residual,0.971,0.978
mnist_6,layernorm,0.971,0.975
mnist_6,dense,0.971,0.974
mnist_6,"batchnorm,dropout",0.971,0.978
mnist_6,"batchnorm,whitening",0.971,0.979
mnist_6,"batchnorm,attention",0.971,0.984
mnist_6,"batchnorm,residual",0.971,0.983
mnist_6,"batchnorm,layernorm",0.971,0.98
mnist_6,"batchnorm,dense",0.971,0.979
mnist_6,"dropout,whitening",0.971,0.976
mnist_6,"dropout,attention",0.971,0.981
mnist_6,"dropout,residual",0.971,0.98
mnist_6,"dropout,layernorm",0.971,0.977
mnist_6,"dropout,dense",0.971,0.976
mnist_6,"whitening,attention",0.971,0.982
mnist_6,"whitening,residual",0.971,0.981
mnist_6,"whitening,layernorm",0.971,0.978
mnist_6,"whitening,dense",0.971,0.977
mnist_6,"attention,residual",0.971,0.986
mnist_6,"attention,layernorm",0.971,0.983
mnist_6,"attention,dense",0.971,0.982
mnist_6,"residual,layernorm",0.971,0.982
mnist_6,"residual,dense",0.971,0.981
mnist_6,"layernorm,dense",0.971,0.978
mnist_6,"batchnorm,dropout,whitening",0.971,0.981
mnist_6,"batchnorm,dropout,attention",0.971,0.986
mnist_6,"batchnorm,dropout,residual",0.971,0.985
mnist_6,"batchnorm,dropout,layernorm",0.971,0.982
mnist_6,"batchnorm,dropout,dense",0.971,0.981
mnist_6,"batchnorm,whitening,attention",0.971,0.987
mnist_6,"batchnorm,whitening,residual",0.971,0.986
mnist_6,"batchnorm,whitening,layernorm",0.971,0.983
mnist_6,"batchnorm,whitening,dense",0.971,0.982
mnist_6,"batchnorm,attention,residual",0.971,0.991
mnist_6,"batchnorm,attention,layernorm",0.971,0.988
mnist_6,"batchnorm,attention,dense",0.971,0.987
mnist_6,"batchnorm,residual,layernorm",0.971,0.987
mnist_6,"batchnorm,residual,dense",0.971,0.986
mnist_6,"batchnorm,layernorm,dense",0.971,0.983
mnist_6,"dropout,whitening,attention",0.971,0.984
mnist_6,"dropout,whitening,residual",0.971,0.983
mnist_6,"dropout,whitening,layernorm",0.971,0.98
mnist_6,"dropout,whitening,dense",0.971,0.979
mnist_6,"dropout,attention,residual",0.971,0.988
mnist_6,"dropout,attention,layernorm",0.971,0.985
mnist_6,"dropout,attention,dense",0.971,0.984
mnist_6,"dropout,residual,layernorm",0.971,0.984
mnist_6,"dropout,residual,dense",0.971,0.983
mnist_6,"dropout,layernorm,dense",0.971,0.98
mnist_6,"whitening,attention,residual",0.971,0.989
mnist_6,"whitening,attention,layernorm",0.971,0.986
mnist_6,"whitening,attention,dense",0.971,0.985
mnist_6,"whitening,residual,layernorm",0.971,0.985
mnist_6,"whitening,residual,dense",0.971,0.984
mnist_6,"whitening,layernorm,dense",0.971,0.981
mnist_6,"attention,residual,layernorm",0.971,0.99
mnist_6,"attention,residual,dense",0.971,0.989
mnist_6,"attention,layernorm,dense",0.971,0.986
mnist_6,"residual,layernorm,dense",0.971,0.985
mnist_6,"batchnorm,dropout,whitening,attention",0.971,0.989
mnist_6,"batchnorm,dropout,whitening,residual",0.971,0.988
mnist_6,"batchnorm,dropout,whitening,layernorm",0.971,0.985
mnist_6,"batchnorm,dropout,whitening,dense",0.971,0.984
mnist_6,"batchnorm,dropout,attention,residual",0.971,0.993
mnist_6,"batchnorm,dropout,attention,layernorm",0.971,0.99
mnist_6,"batchnorm,dropout,attention,dense",0.971,0.989
mnist_6,"batchnorm,dropout,residual,layernorm",0.971,0.989
mnist_6,"batchnorm,dropout,residual,dense",0.971,0.988
mnist_6,"batchnorm,dropout,layernorm,dense",0.971,0.985
mnist_6,"batchnorm,whitening,attention,residual",0.971,0.994
mnist_6,"batchnorm,whitening,attention,layernorm",0.971,0.991
mnist_6,"batchnorm,whitening,attention,dense",0.971,0.99
mnist_6,"batchnorm,whitening,residual,layernorm",0.971,0.99
mnist_6,"batchnorm,whitening,residual,dense",0.971,0.989
mnist_6,"batchnorm,whitening,layernorm,dense",0.971,0.986
mnist_6,"batchnorm,attention,residual,layernorm",0.971,0.995
mnist_6,"batchnorm,attention,residual,dense",0.971,0.994
mnist_6,"batchnorm,attention,layernorm,dense",0.971,0.991
mnist_6,"batchnorm,residual,layernorm,dense",0.971,0.99
mnist_6,"dropout,whitening,attention,residual",0.971,0.991
mnist_6,"dropout,whitening,attention,layernorm",0.971,0.988
mnist_6,"dropout,whitening,attention,dense",0.971,0.987
mnist_6,"dropout,whitening,residual,layernorm",0.971,0.987
mnist_6,"dropout,whitening,residual,dense",0.971,0.986
mnist_6,"dropout,whitening,layernorm,dense",0.971,0.983
mnist_6,"dropout,attention,residual,layernorm",0.971,0.992
mnist_6,"dropout,attention,residual,dense",0.971,0.991
mnist_6,"dropout,attention,layernorm,dense",0.971,0.988
mnist_6,"dropout,residual,layernorm,dense",0.971,0.987
mnist_6,"whitening,attention,residual,layernorm",0.971,0.993
mnist_6,"whitening,attention,residual,dense",0.971,0.992
mnist_6,"whitening,attention,layernorm,dense",0.971,0.989
mnist_6,"whitening,residual,layernorm,dense",0.971,0.988
mnist_6,"attention,residual,layernorm,dense",0.971,0.993
mnist_6,"batchnorm,dropout,whitening,attention,residual",0.971,0.996
mnist_6,"batchnorm,dropout,whitening,attention,layernorm",0.971,0.993
mnist_6,"batchnorm,dropout,whitening,attention,dense",0.971,0.992
mnist_6,"batchnorm,dropout,whitening,residual,layernorm",0.971,0.992
mnist_6,"batchnorm,dropout,whitening,residual,dense",0.971,0.991
mnist_6,"batchnorm,dropout,whitening,layernorm,dense",0.971,0.988
mnist_6,"batchnorm,dropout,attention,residual,layernorm",0.971,0.996
mnist_6,"batchnorm,dropout,attention,residual,dense",0.971,0.996
mnist_6,"batchnorm,dropout,attention,layernorm,dense",0.971,0.993
mnist_6,"batchnorm,dropout,residual,layernorm,dense",0.971,0.992
mnist_6,"batchnorm,whitening,attention,residual,layernorm",0.971,0.996
mnist_6,"batchnorm,whitening,attention,residual,dense",0.971,0.996
mnist_6,"batchnorm,whitening,attention,layernorm,dense",0.971,0.994
mnist_6,"batchnorm,whitening,residual,layernorm,dense",0.971,0.993
mnist_6,"batchnorm,attention,residual,layernorm,dense",0.971,0.996
mnist_6,"dropout,whitening,attention,residual,layernorm",0.971,0.995
mnist_6,"dropout,whitening,attention,residual,dense",0.971,0.994
mnist_6,"dropout,whitening,attention,layernorm,dense",0.971,0.991
mnist_6,"dropout,whitening,residual,layernorm,dense",0.971,0.99
mnist_6,"dropout,attention,residual,layernorm,dense",0.971,0.995
mnist_6,"whitening,attention,residual,layernorm,dense",0.971,0.996
mnist_6,"batchnorm,dropout,whitening,attention,residual,layernorm",0.971,0.996
mnist_6,"batchnorm,dropout,whitening,attention,residual,dense",0.971,0.996
mnist_6,"batchnorm,dropout,whitening,attention,layernorm,dense",0.971,0.996
mnist_6,"batchnorm,dropout,whitening,residual,layernorm,dense",0.971,0.995
mnist_6,"batchnorm,dropout,attention,residual,layernorm,dense",0.971,0.996
mnist_6,"batchnorm,whitening,attention,residual,layernorm,dense",0.971,0.996
mnist_6,"dropout,whitening,attention,residual,layernorm,dense",0.971,0.996
mnist_6,"batchnorm,dropout,whitening,attention,residual,layernorm,dense",0.971,0.996
mnist_7,none,0.978,0.978
mnist_7,batchnorm,0.978,0.983
mnist_7,dropout,0.978,0.98
mnist_7,whitening,0.978,0.981
mnist_7,attention,0.978,0.986
mnist_7,residual,0.978,0.985
mnist_7,layernorm,0.978,0.982
mnist_7,dense,0.978,0.981
mnist_7,"batchnorm,dropout",0.978,0.985
mnist_7,"batchnorm,whitening",0.978,0.986
mnist_7,"batchnorm,attention",0.978,0.991
mnist_7,"batchnorm,residual",0.978,0.99
mnist_7,"batchnorm,layernorm",0.978,0.987
mnist_7,"batchnorm,dense",0.978,0.986
mnist_7,"dropout,whitening",0.978,0.983
mnist_7,"dropout,attention",0.978,0.988
mnist_7,"dropout,residual",0.978,0.987
mnist_7,"dropout,layernorm",0.978,0.984
mnist_7,"dropout,dense",0.978,0.983
mnist_7,"whitening,attention",0.978,0.989
mnist_7,"whitening,residual",0.978,0.988
mnist_7,"whitening,layernorm",0.978,0.985
mnist_7,"whitening,dense",0.978,0.984
mnist_7,"attention,residual",0.978,0.993
mnist_7,"attention,layernorm",0.978,0.99
mnist_7,"attention,dense",0.978,0.989
mnist_7,"residual,layernorm",0.978,0.989
mnist_7,"residual,dense",0.978,0.988
mnist_7,"layernorm,dense",0.978,0.985
mnist_7,"batchnorm,dropout,whitening",0.978,0.988
mnist_7,"batchnorm,dropout,attention",0.978,0.993
mnist_7,"batchnorm,dropout,residual",0.978,0.992
mnist_7,"batchnorm,dropout,layernorm",0.978,0.989
mnist_7,"batchnorm,dropout,dense",0.978,0.988
mnist_7,"batchnorm,whitening,attention",0.978,0.994
mnist_7,"batchnorm,whitening,residual",0.978,0.993
mnist_7,"batchnorm,whitening,layernorm",0.978,0.99
mnist_7,"batchnorm,whitening,dense",0.978,0.989
mnist_7,"batchnorm,attention,residual",0.978,0.996
mnist_7,"batchnorm,attention,layernorm",0.978,0.995
mnist_7,"batchnorm,attention,dense",0.978,0.994
mnist_7,"batchnorm,residual,layernorm",0.978,0.994
mnist_7,"batchnorm,residual,dense",0.978,0.993
mnist_7,"batchnorm,layernorm,dense",0.978,0.99
mnist_7,"dropout,whitening,attention",0.978,0.991
mnist_7,"dropout,whitening,residual",0.978,0.99
mnist_7,"dropout,whitening,layernorm",0.978,0.987
mnist_7,"dropout,whitening,dense",0.978,0.986
mnist_7,"dropout,attention,residual",0.978,0.995
mnist_7,"dropout,attention,layernorm",0.978,0.992
mnist_7,"dropout,attention,dense",0.978,0.991
mnist_7,"dropout,residual,layernorm",0.978,0.991
mnist_7,"dropout,residual,dense",0.978,0.99
mnist_7,"dropout,layernorm,dense",0.978,0.987
mnist_7,"whitening,attention,residual",0.978,0.996
mnist_7,"whitening,attention,layernorm",0.978,0.993
mnist_7,"whitening,attention,dense",0.978,0.992
mnist_7,"whitening,residual,layernorm",0.978,0.992
mnist_7,"whitening,residual,dense",0.978,0.991
mnist_7,"whitening,layernorm,dense",0.978,0.988
mnist_7,"attention,residual,layernorm",0.978,0.996
mnist_7,"attention,residual,dense",0.978,0.996
mnist_7,"attention,layernorm,dense",0.978,0.993
mnist_7,"residual,layernorm,dense",0.978,0.992
mnist_7,"batchnorm,dropout,whitening,attention",0.978,0.996
mnist_7,"batchnorm,dropout,whitening,residual",0.978,0.995
mnist_7,"batchnorm,dropout,whitening,layernorm",0.978,0.992
mnist_7,"batchnorm,dropout,whitening,dense",0.978,0.991
mnist_7,"batchnorm,dropout,attention,residual",0.978,0.996
mnist_7,"batchnorm,dropout,attention,layernorm",0.978,0.996
mnist_7,"batchnorm,dropout,attention,dense",0.978,0.996
mnist_7,"batchnorm,dropout,residual,layernorm",0.978,0.996
mnist_7,"batchnorm,dropout,residual,dense",0.978,0.995
mnist_7,"batchnorm,dropout,layernorm,dense",0.978,0.992
mnist_7,"batchnorm,whitening,attention,residual",0.978,0.996
mnist_7,"batchnorm,whitening,attention,layernorm",0.978,0.996
mnist_7,"batchnorm,whitening,attention,dense",0.978,0.996
mnist_7,"batchnorm,whitening,residual,layernorm",0.978,0.996
mnist_7,"batchnorm,whitening,residual,dense",0.978,0.996
mnist_7,"batchnorm,whitening,layernorm,dense",0.978,0.993
mnist_7,"batchnorm,attention,residual,layernorm",0.978,0.996
mnist_7,"batchnorm,attention,residual,dense",0.978,0.996
mnist_7,"batchnorm,attention,layernorm,dense",0.978,0.996
mnist_7,"batchnorm,residual,layernorm,dense",0.978,0.996
mnist_7,"dropout,whitening,attention,residual",0.978,0.996
mnist_7,"dropout,whitening,attention,layernorm",0.978,0.995
mnist_7,"dropout,whitening,attention,dense",0.978,0.994
mnist_7,"dropout,whitening,residual,layernorm",0.978,0.994
mnist_7,"dropout,whitening,residual,dense",0.978,0.993
mnist_7,"dropout,whitening,layernorm,dense",0.978,0.99
mnist_7,"dropout,attention,residual,layernorm",0.978,0.996
mnist_7,"dropout,attention,residual,dense",0.978,0.996
mnist_7,"dropout,attention,layernorm,dense",0.978,0.995
mnist_7,"dropout,residual,layernorm,dense",0.978,0.994
mnist_7,"whitening,attention,residual,layernorm",0.978,0.996
mnist_7,"whitening,attention,residual,dense",0.978,0.996
mnist_7,"whitening,attention,layernorm,dense",0.978,0.996
mnist_7,"whitening,residual,layernorm,dense",0.978,0.995
mnist_7,"attention,residual,layernorm,dense",0.978,0.996
mnist_7,"batchnorm,dropout,whitening,attention,residual",0.978,0.996
mnist_7,"batchnorm,dropout,whitening,attention,layernorm",0.978,0.996
mnist_7,"batchnorm,dropout,whitening,attention,dense",0.978,0.996
mnist_7,"batchnorm,dropout,whitening,residual,layernorm",0.978,0.996
mnist_7,"batchnorm,dropout,whitening,residual,dense",0.978,0.996
mnist_7,"batchnorm,dropout,whitening,layernorm,dense",0.978,0.995
mnist_7,"batchnorm,dropout,attention,residual,layernorm",0.978,0.996
mnist_7,"batchnorm,dropout,attention,residual,dense",0.978,0.996
mnist_7,"batchnorm,dropout,attention,layernorm,dense",0.978,0.996
mnist_7,"batchnorm,dropout,residual,layernorm,dense",0.978,0.996
mnist_7,"batchnorm,whitening,attention,residual,layernorm",0.978,0.996
mnist_7,"batchnorm,whitening,attention,residual,dense",0.978,0.996
mnist_7,"batchnorm,whitening,attention,layernorm,dense",0.978,0.996
mnist_7,"batchnorm,whitening,residual,layernorm,dense",0.978,0.996
mnist_7,"batchnorm,attention,residual,layernorm,dense",0.978,0.996
mnist_7,"dropout,whitening,attention,residual,layernorm",0.978,0.996
mnist_7,"dropout,whitening,attention,residual,dense",0.978,0.996
mnist_7,"dropout,whitening,attention,layernorm,dense",0.978,0.996
mnist_7,"dropout,whitening,residual,layernorm,dense",0.978,0.996
mnist_7,"dropout,attention,residual,layernorm,dense",0.978,0.996
mnist_7,"whitening,attention,residual,layernorm,dense",0.978,0.996
mnist_7,"batchnorm,dropout,whitening,attention,residual,layernorm",0.978,0.996
mnist_7,"batchnorm,dropout,whitening,attention,residual,dense",0.978,0.996
mnist_7,"batchnorm,dropout,whitening,attention,layernorm,dense",0.978,0.996
mnist_7,"batchnorm,dropout,whitening,residual,layernorm,dense",0.978,0.996
mnist_7,"batchnorm,dropout,attention,residual,layernorm,dense",0.978,0.996
mnist_7,"batchnorm,whitening,attention,residual,layernorm,dense",0.978,0.996
mnist_7,"dropout,whitening,attention,residual,layernorm,dense",0.978,0.996
mnist_7,"batchnorm,dropout,whitening,attention,residual,layernorm,dense",0.978,0.996
mnist_8,none,0.945,0.945
mnist_8,batchnorm,0.945,0.95
mnist_8,dropout,0.945,0.947
mnist_8,whitening,0.945,0.948
mnist_8,attention,0.945,0.953
mnist_8,residual,0.945,0.952
mnist_8,layernorm,0.945,0.949
mnist_8,dense,0.945,0.948
mnist_8,"batchnorm,dropout",0.945,0.952
mnist_8,"batchnorm,whitening",0.945,0.953
mnist_8,"batchnorm,attention",0.945,0.958
mnist_8,"batchnorm,residual",0.945,0.957
mnist_8,"batchnorm,layernorm",0.945,0.954
mnist_8,"batchnorm,dense",0.945,0.953
mnist_8,"dropout,whitening",0.945,0.95
mnist_8,"dropout,attention",0.945,0.955
mnist_8,"dropout,residual",0.945,0.954
mnist_8,"dropout,layernorm",0.945,0.951
mnist_8,"dropout,dense",0.945,0.95
mnist_8,"whitening,attention",0.945,0.956
mnist_8,"whitening,residual",0.945,0.955
mnist_8,"whitening,layernorm",0.945,0.952
mnist_8,"whitening,dense",0.945,0.951
mnist_8,"attention,residual",0.945,0.96
mnist_8,"attention,layernorm",0.945,0.957
mnist_8,"attention,dense",0.945,0.956
mnist_8,"residual,layernorm",0.945,0.956
mnist_8,"residual,dense",0.945,0.955
mnist_8,"layernorm,dense",0.945,0.952
mnist_8,"batchnorm,dropout,whitening",0.945,0.955
mnist_8,"batchnorm,dropout,attention",0.945,0.96
mnist_8,"batchnorm,dropout,residual",0.945,0.959
mnist_8,"batchnorm,dropout,layernorm",0.945,0.956
mnist_8,"batchnorm,dropout,dense",0.945,0.955
mnist_8,"batchnorm,whitening,attention",0.945,0.961
mnist_8,"batchnorm,whitening,residual",0.945,0.96
mnist_8,"batchnorm,whitening,layernorm",0.945,0.957
mnist_8,"batchnorm,whitening,dense",0.945,0.956
mnist_8,"batchnorm,attention,residual",0.945,0.965
mnist_8,"batchnorm,attention,layernorm",0.945,0.962
mnist_8,"batchnorm,attention,dense",0.945,0.961
mnist_8,"batchnorm,residual,layernorm",0.945,0.961
mnist_8,"batchnorm,residual,dense",0.945,0.96
mnist_8,"batchnorm,layernorm,dense",0.945,0.957
mnist_8,"dropout,whitening,attention",0.945,0.958
mnist_8,"dropout,whitening,residual",0.945,0.957
mnist_8,"dropout,whitening,layernorm",0.945,0.954
mnist_8,"dropout,whitening,dense",0.945,0.953
mnist_8,"dropout,attention,residual",0.945,0.962
mnist_8,"dropout,attention,layernorm",0.945,0.959
mnist_8,"dropout,attention,dense",0.945,0.958
mnist_8,"dropout,residual,layernorm",0.945,0.958
mnist_8,"dropout,residual,dense",0.945,0.957
mnist_8,"dropout,layernorm,dense",0.945,0.954
mnist_8,"whitening,attention,residual",0.945,0.963
mnist_8,"whitening,attention,layernorm",0.945,0.96
mnist_8,"whitening,attention,dense",0.945,0.959
mnist_8,"whitening,residual,layernorm",0.945,0.959
mnist_8,"whitening,residual,dense",0.945,0.958
mnist_8,"whitening,layernorm,dense",0.945,0.955
mnist_8,"attention,residual,layernorm",0.945,0.964
mnist_8,"attention,residual,dense",0.945,0.963
mnist_8,"attention,layernorm,dense",0.945,0.96
mnist_8,"residual,layernorm,dense",0.945,0.959
mnist_8,"batchnorm,dropout,whitening,attention",0.945,0.963
mnist_8,"batchnorm,dropout,whitening,residual",0.945,0.962
mnist_8,"batchnorm,dropout,whitening,layernorm",0.945,0.959
mnist_8,"batchnorm,dropout,whitening,dense",0.945,0.958
mnist_8,"batchnorm,dropout,attention,residual",0.945,0.967
mnist_8,"batchnorm,dropout,attention,layernorm",0.945,0.964
mnist_8,"batchnorm,dropout,attention,dense",0.945,0.963
mnist_8,"batchnorm,dropout,residual,layernorm",0.945,0.963
mnist_8,"batchnorm,dropout,residual,dense",0.945,0.962
mnist_8,"batchnorm,dropout,layernorm,dense",0.945,0.959
mnist_8,"batchnorm,whitening,attention,residual",0.945,0.968
mnist_8,"batchnorm,whitening,attention,layernorm",0.945,0.965
mnist_8,"batchnorm,whitening,attention,dense",0.945,0.964
mnist_8,"batchnorm,whitening,residual,layernorm",0.945,0.964
mnist_8,"batchnorm,whitening,residual,dense",0.945,0.963
mnist_8,"batchnorm,whitening,layernorm,dense",0.945,0.96
mnist_8,"batchnorm,attention,residual,layernorm",0.945,0.969
mnist_8,"batchnorm,attention,residual,dense",0.945,0.968
mnist_8,"batchnorm,attention,layernorm,dense",0.945,0.965
mnist_8,"batchnorm,residual,layernorm,dense",0.945,0.964
mnist_8,"dropout,whitening,attention,residual",0.945,0.965
mnist_8,"dropout,whitening,attention,layernorm",0.945,0.962
mnist_8,"dropout,whitening,attention,dense",0.945,0.961
mnist_8,"dropout,whitening,residual,layernorm",0.945,0.961
mnist_8,"dropout,whitening,residual,dense",0.945,0.96
mnist_8,"dropout,whitening,layernorm,dense",0.945,0.957
mnist_8,"dropout,attention,residual,layernorm",0.945,0.966
mnist_8,"dropout,attention,residual,dense",0.945,0.965
mnist_8,"dropout,attention,layernorm,dense",0.945,0.962
mnist_8,"dropout,residual,layernorm,dense",0.945,0.961
mnist_8,"whitening,attention,residual,layernorm",0.945,0.967
mnist_8,"whitening,attention,residual,dense",0.945,0.966
mnist_8,"whitening,attention,layernorm,dense",0.945,0.963
mnist_8,"whitening,residual,layernorm,dense",0.945,0.962
mnist_8,"attention,residual,layernorm,dense",0.945,0.967
mnist_8,"batchnorm,dropout,whitening,attention,residual",0.945,0.97
mnist_8,"batchnorm,dropout,whitening,attention,layernorm",0.945,0.967
mnist_8,"batchnorm,dropout,whitening,attention,dense",0.945,0.966
mnist_8,"batchnorm,dropout,whitening,residual,layernorm",0.945,0.966
mnist_8,"batchnorm,dropout,whitening,residual,dense",0.945,0.965
mnist_8,"batchnorm,dropout,whitening,layernorm,dense",0.945,0.962
mnist_8,"batchnorm,dropout,attention,residual,layernorm",0.945,0.971
mnist_8,"batchnorm,dropout,attention,residual,dense",0.945,0.97
mnist_8,"batchnorm,dropout,attention,layernorm,dense",0.945,0.967
mnist_8,"batchnorm,dropout,residual,layernorm,dense",0.945,0.966
mnist_8,"batchnorm,whitening,attention,residual,layernorm",0.945,0.972
mnist_8,"batchnorm,whitening,attention,residual,dense",0.945,0.971
mnist_8,"batchnorm,whitening,attention,layernorm,dense",0.945,0.968
mnist_8,"batchnorm,whitening,residual,layernorm,dense",0.945,0.967
mnist_8,"batchnorm,attention,residual,layernorm,dense",0.945,0.972
mnist_8,"dropout,whitening,attention,residual,layernorm",0.945,0.969
mnist_8,"dropout,whitening,attention,residual,dense",0.945,0.968
mnist_8,"dropout,whitening,attention,layernorm,dense",0.945,0.965
mnist_8,"dropout,whitening,residual,layernorm,dense",0.945,0.964
mnist_8,"dropout,attention,residual,layernorm,dense",0.945,0.969
mnist_8,"whitening,attention,residual,layernorm,dense",0.945,0.97
mnist_8,"batchnorm,dropout,whitening,attention,residual,layernorm",0.945,0.974
mnist_8,"batchnorm,dropout,whitening,attention,residual,dense",0.945,0.973
mnist_8,"batchnorm,dropout,whitening,attention,layernorm,dense",0.945,0.97
mnist_8,"batchnorm,dropout,whitening,residual,layernorm,dense",0.945,0.969
mnist_8,"batchnorm,dropout,attention,residual,layernorm,dense",0.945,0.974
mnist_8,"batchnorm,whitening,attention,residual,layernorm,dense",0.945,0.975
mnist_8,"dropout,whitening,attention,residual,layernorm,dense",0.945,0.972
mnist_8,"batchnorm,dropout,whitening,attention,residual,layernorm,dense",0.945,0.977
mnist_9,none,0.963,0.963
mnist_9,batchnorm,0.963,0.968
mnist_9,dropout,0.963,0.965
mnist_9,whitening,0.963,0.966
mnist_9,attention,0.963,0.971
mnist_9,residual,0.963,0.97
mnist_9,layernorm,0.963,0.967
mnist_9,dense,0.963,0.966
mnist_9,"batchnorm,dropout",0.963,0.97
mnist_9,"batchnorm,whitening",0.963,0.971
mnist_9,"batchnorm,attention",0.963,0.976
mnist_9,"batchnorm,residual",0.963,0.975
mnist_9,"batchnorm,layernorm",0.963,0.972
mnist_9,"batchnorm,dense",0.963,0.971
mnist_9,"dropout,whitening",0.963,0.968
mnist_9,"dropout,attention",0.963,0.973
mnist_9,"dropout,residual",0.963,0.972
mnist_9,"dropout,layernorm",0.963,0.969
mnist_9,"dropout,dense",0.963,0.968
mnist_9,"whitening,attention",0.963,0.974
mnist_9,"whitening,residual",0.963,0.973
mnist_9,"whitening,layernorm",0.963,0.97
mnist_9,"whitening,dense",0.963,0.969
mnist_9,"attention,residual",0.963,0.978
mnist_9,"attention,layernorm",0.963,0.975
mnist_9,"attention,dense",0.963,0.974
mnist_9,"residual,layernorm",0.963,0.974
mnist_9,"residual,dense",0.963,0.973
mnist_9,"layernorm,dense",0.963,0.97
mnist_9,"batchnorm,dropout,whitening",0.963,0.973
mnist_9,"batchnorm,dropout,attention",0.963,0.978
mnist_9,"batchnorm,dropout,residual",0.963,0.977
mnist_9,"batchnorm,dropout,layernorm",0.963,0.974
mnist_9,"batchnorm,dropout,dense",0.963,0.973
mnist_9,"batchnorm,whitening,attention",0.963,0.979
mnist_9,"batchnorm,whitening,residual",0.963,0.978
mnist_9,"batchnorm,whitening,layernorm",0.963,0.975
mnist_9,"batchnorm,whitening,dense",0.963,0.974
mnist_9,"batchnorm,attention,residual",0.963,0.983
mnist_9,"batchnorm,attention,layernorm",0.963,0.98
mnist_9,"batchnorm,attention,dense",0.963,0.979
mnist_9,"batchnorm,residual,layernorm",0.963,0.979
mnist_9,"batchnorm,residual,dense",0.963,0.978
mnist_9,"batchnorm,layernorm,dense",0.963,0.975
mnist_9,"dropout,whitening,attention",0.963,0.976
mnist_9,"dropout,whitening,residual",0.963,0.975
mnist_9,"dropout,whitening,layernorm",0.963,0.972
mnist_9,"dropout,whitening,dense",0.963,0.971
mnist_9,"dropout,attention,residual",0.963,0.98
mnist_9,"dropout,attention,layernorm",0.963,0.977
mnist_9,"dropout,attention,dense",0.963,0.976
mnist_9,"dropout,residual,layernorm",0.963,0.976
mnist_9,"dropout,residual,dense",0.963,0.975
mnist_9,"dropout,layernorm,dense",0.963,0.972
mnist_9,"whitening,attention,residual",0.963,0.981
mnist_9,"whitening,attention,layernorm",0.963,0.978
mnist_9,"whitening,attention,dense",0.963,0.977
mnist_9,"whitening,residual,layernorm",0.963,0.977
mnist_9,"whitening,residual,dense",0.963,0.976
mnist_9,"whitening,layernorm,dense",0.963,0.973
mnist_9,"attention,residual,layernorm",0.963,0.982
mnist_9,"attention,residual,dense",0.963,0.981
mnist_9,"attention,layernorm,dense",0.963,0.978
mnist_9,"residual,layernorm,dense",0.963,0.977
mnist_9,"batchnorm,dropout,whitening,attention",0.963,0.981
mnist_9,"batchnorm,dropout,whitening,residual",0.963,0.98
mnist_9,"batchnorm,dropout,whitening,layernorm",0.963,0.977
mnist_9,"batchnorm,dropout,whitening,dense",0.963,0.976
mnist_9,"batchnorm,dropout,attention,residual",0.963,0.985
mnist_9,"batchnorm,dropout,attention,layernorm",0.963,0.982
mnist_9,"batchnorm,dropout,attention,dense",0.963,0.981
mnist_9,"batchnorm,dropout,residual,layernorm",0.963,0.981
mnist_9,"batchnorm,dropout,residual,dense",0.963,0.98
mnist_9,"batchnorm,dropout,layernorm,dense",0.963,0.977
mnist_9,"batchnorm,whitening,attention,residual",0.963,0.986
mnist_9,"batchnorm,whitening,attention,layernorm",0.963,0.983
mnist_9,"batchnorm,whitening,attention,dense",0.963,0.982
mnist_9,"batchnorm,whitening,residual,layernorm",0.963,0.982
mnist_9,"batchnorm,whitening,residual,dense",0.963,0.981
mnist_9,"batchnorm,whitening,layernorm,dense",0.963,0.978
mnist_9,"batchnorm,attention,residual,layernorm",0.963,0.987
mnist_9,"batchnorm,attention,residual,dense",0.963,0.986
mnist_9,"batchnorm,attention,layernorm,dense",0.963,0.983
mnist_9,"batchnorm,residual,layernorm,dense",0.963,0.982
mnist_9,"dropout,whitening,attention,residual",0.963,0.983
mnist_9,"dropout,whitening,attention,layernorm",0.963,0.98
mnist_9,"dropout,whitening,attention,dense",0.963,0.979
mnist_9,"dropout,whitening,residual,layernorm",0.963,0.979
mnist_9,"dropout,whitening,residual,dense",0.963,0.978
mnist_9,"dropout,whitening,layernorm,dense",0.963,0.975
mnist_9,"dropout,attention,residual,layernorm",0.963,0.984
mnist_9,"dropout,attention,residual,dense",0.963,0.983
mnist_9,"dropout,attention,layernorm,dense",0.963,0.98
mnist_9,"dropout,residual,layernorm,dense",0.963,0.979
mnist_9,"whitening,attention,residual,layernorm",0.963,0.985
mnist_9,"whitening,attention,residual,dense",0.963,0.984
mnist_9,"whitening,attention,layernorm,dense",0.963,0.981
mnist_9,"whitening,residual,layernorm,dense",0.963,0.98
mnist_9,"attention,residual,layernorm,dense",0.963,0.985
mnist_9,"batchnorm,dropout,whitening,attention,residual",0.963,0.988
mnist_9,"batchnorm,dropout,whitening,attention,layernorm",0.963,0.985
mnist_9,"batchnorm,dropout,whitening,attention,dense",0.963,0.984
mnist_9,"batchnorm,dropout,whitening,residual,layernorm",0.963,0.984
mnist_9,"batchnorm,dropout,whitening,residual,dense",0.963,0.983
mnist_9,"batchnorm,dropout,whitening,layernorm,dense",0.963,0.98
mnist_9,"batchnorm,dropout,attention,residual,layernorm",0.963,0.989
mnist_9,"batchnorm,dropout,attention,residual,dense",0.963,0.988
mnist_9,"batchnorm,dropout,attention,layernorm,dense",0.963,0.985
mnist_9,"batchnorm,dropout,residual,layernorm,dense",0.963,0.984
mnist_9,"batchnorm,whitening,attention,residual,layernorm",0.963,0.99
mnist_9,"batchnorm,whitening,attention,residual,dense",0.963,0.989
mnist_9,"batchnorm,whitening,attention,layernorm,dense",0.963,0.986
mnist_9,"batchnorm,whitening,residual,layernorm,dense",0.963,0.985
mnist_9,"batchnorm,attention,residual,layernorm,dense",0.963,0.99
mnist_9,"dropout,whitening,attention,residual,layernorm",0.963,0.987
mnist_9,"dropout,whitening,attention,residual,dense",0.963,0.986
mnist_9,"dropout,whitening,attention,layernorm,dense",0.963,0.983
mnist_9,"dropout,whitening,residual,layernorm,dense",0.963,0.982
mnist_9,"dropout,attention,residual,layernorm,dense",0.963,0.987
mnist_9,"whitening,attention,residual,layernorm,dense",0.963,0.988
mnist_9,"batchnorm,dropout,whitening,attention,residual,layernorm",0.963,0.992
mnist_9,"batchnorm,dropout,whitening,attention,residual,dense",0.963,0.991
mnist_9,"batchnorm,dropout,whitening,attention,layernorm,dense",0.963,0.988
mnist_9,"batchnorm,dropout,whitening,residual,layernorm,dense",0.963,0.987
mnist_9,"batchnorm,dropout,attention,residual,layernorm,dense",0.963,0.992
mnist_9,"batchnorm,whitening,attention,residual,layernorm,dense",0.963,0.993
mnist_9,"dropout,whitening,attention,residual,layernorm,dense",0.963,0.99
mnist_9,"batchnorm,dropout,whitening,attention,residual,layernorm,dense",0.963,0.995
cifar,none,0.859,0.859
cifar,batchnorm,0.859,0.864
cifar,dropout,0.859,0.861
cifar,whitening,0.859,0.862
cifar,attention,0.859,0.867
cifar,residual,0.859,0.866
cifar,layernorm,0.859,0.863
cifar,dense,0.859,0.862
cifar,"batchnorm,dropout",0.859,0.866
cifar,"batchnorm,whitening",0.859,0.867
cifar,"batchnorm,attention",0.859,0.872
cifar,"batchnorm,residual",0.859,0.871
cifar,"batchnorm,layernorm",0.859,0.868
cifar,"batchnorm,dense",0.859,0.867
cifar,"dropout,whitening",0.859,0.864
cifar,"dropout,attention",0.859,0.869
cifar,"dropout,residual",0.859,0.868
cifar,"dropout,layernorm",0.859,0.865
cifar,"dropout,dense",0.859,0.864
cifar,"whitening,attention",0.859,0.87
cifar,"whitening,residual",0.859,0.869
cifar,"whitening,layernorm",0.859,0.866
cifar,"whitening,dense",0.859,0.865
cifar,"attention,residual",0.859,0.874
cifar,"attention,layernorm",0.859,0.871
cifar,"attention,dense",0.859,0.87
cifar,"residual,layernorm",0.859,0.87
cifar,"residual,dense",0.859,0.869
cifar,"layernorm,dense",0.859,0.866
cifar,"batchnorm,dropout,whitening",0.859,0.869
cifar,"batchnorm,dropout,attention",0.859,0.874
cifar,"batchnorm,dropout,residual",0.859,0.873
cifar,"batchnorm,dropout,layernorm",0.859,0.87
cifar,"batchnorm,dropout,dense",0.859,0.869
cifar,"batchnorm,whitening,attention",0.859,0.875
cifar,"batchnorm,whitening,residual",0.859,0.874
cifar,"batchnorm,whitening,layernorm",0.859,0.871
cifar,"batchnorm,whitening,dense",0.859,0.87
cifar,"batchnorm,attention,residual",0.859,0.879
cifar,"batchnorm,attention,layernorm",0.859,0.876
cifar,"batchnorm,attention,dense",0.859,0.875
cifar,"batchnorm,residual,layernorm",0.859,0.875
cifar,"batchnorm,residual,dense",0.859,0.874
cifar,"batchnorm,layernorm,dense",0.859,0.871
cifar,"dropout,whitening,attention",0.859,0.872
cifar,"dropout,whitening,residual",0.859,0.871
cifar,"dropout,whitening,layernorm",0.859,0.868
cifar,"dropout,whitening,dense",0.859,0.867
cifar,"dropout,attention,residual",0.859,0.876
cifar,"dropout,attention,layernorm",0.859,0.873
cifar,"dropout,attention,dense",0.859,0.872
cifar,"dropout,residual,layernorm",0.859,0.872
cifar,"dropout,residual,dense",0.859,0.871
cifar,"dropout,layernorm,dense",0.859,0.868
cifar,"whitening,attention,residual",0.859,0.877
cifar,"whitening,attention,layernorm",0.859,0.874
cifar,"whitening,attention,dense",0.859,0.873
cifar,"whitening,residual,layernorm",0.859,0.873
cifar,"whitening,residual,dense",0.859,0.872
cifar,"whitening,layernorm,dense",0.859,0.869
cifar,"attention,residual,layernorm",0.859,0.878
cifar,"attention,residual,dense",0.859,0.877
cifar,"attention,layernorm,dense",0.859,0.874
cifar,"residual,layernorm,dense",0.859,0.873
cifar,"batchnorm,dropout,whitening,attention",0.859,0.877
cifar,"batchnorm,dropout,whitening,residual",0.859,0.876
cifar,"batchnorm,dropout,whitening,layernorm",0.859,0.873
cifar,"batchnorm,dropout,whitening,dense",0.859,0.872
cifar,"batchnorm,dropout,attention,residual",0.859,0.881
cifar,"batchnorm,dropout,attention,layernorm",0.859,0.878
cifar,"batchnorm,dropout,attention,dense",0.859,0.877
cifar,"batchnorm,dropout,residual,layernorm",0.859,0.877
cifar,"batchnorm,dropout,residual,dense",0.859,0.876
cifar,"batchnorm,dropout,layernorm,dense",0.859,0.873
cifar,"batchnorm,whitening,attention,residual",0.859,0.882
cifar,"batchnorm,whitening,attention,layernorm",0.859,0.879
cifar,"batchnorm,whitening,attention,dense",0.859,0.878
cifar,"batchnorm,whitening,residual,layernorm",0.859,0.878
cifar,"batchnorm,whitening,residual,dense",0.859,0.877
cifar,"batchnorm,whitening,layernorm,dense",0.859,0.874
cifar,"batchnorm,attention,residual,layernorm",0.859,0.883
cifar,"batchnorm,attention,residual,dense",0.859,0.882
cifar,"batchnorm,attention,layernorm,dense",0.859,0.879
cifar,"batchnorm,residual,layernorm,dense",0.859,0.878
cifar,"dropout,whitening,attention,residual",0.859,0.879
cifar,"dropout,whitening,attention,layernorm",0.859,0.876
cifar,"dropout,whitening,attention,dense",0.859,0.875
cifar,"dropout,whitening,residual,layernorm",0.859,0.875
cifar,"dropout,whitening,residual,dense",0.859,0.874
cifar,"dropout,whitening,layernorm,dense",0.859,0.871
cifar,"dropout,attention,residual,layernorm",0.859,0.88
cifar,"dropout,attention,residual,dense",0.859,0.879
cifar,"dropout,attention,layernorm,dense",0.859,0.876
cifar,"dropout,residual,layernorm,dense",0.859,0.875
cifar,"whitening,attention,residual,layernorm",0.859,0.881
cifar,"whitening,attention,residual,dense",0.859,0.88
cifar,"whitening,attention,layernorm,dense",0.859,0.877
cifar,"whitening,residual,layernorm,dense",0.859,0.876
cifar,"attention,residual,layernorm,dense",0.859,0.881
cifar,"batchnorm,dropout,whitening,attention,residual",0.859,0.884
cifar,"batchnorm,dropout,whitening,attention,layernorm",0.859,0.881
cifar,"batchnorm,dropout,whitening,attention,dense",0.859,0.88
cifar,"batchnorm,dropout,whitening,residual,layernorm",0.859,0.88
cifar,"batchnorm,dropout,whitening,residual,dense",0.859,0.879
cifar,"batchnorm,dropout,whitening,layernorm,dense",0.859,0.876
cifar,"batchnorm,dropout,attention,residual,layernorm",0.859,0.885
cifar,"batchnorm,dropout,attention,residual,dense",0.859,0.884
cifar,"batchnorm,dropout,attention,layernorm,dense",0.859,0.881
cifar,"batchnorm,dropout,residual,layernorm,dense",0.859,0.88
cifar,"batchnorm,whitening,attention,residual,layernorm",0.859,0.886
cifar,"batchnorm,whitening,attention,residual,dense",0.859,0.885
cifar,"batchnorm,whitening,attention,layernorm,dense",0.859,0.882
cifar,"batchnorm,whitening,residual,layernorm,dense",0.859,0.881
cifar,"batchnorm,attention,residual,layernorm,dense",0.859,0.886
cifar,"dropout,whitening,attention,residual,layernorm",0.859,0.883
cifar,"dropout,whitening,attention,residual,dense",0.859,0.882
cifar,"dropout,whitening,attention,layernorm,dense",0.859,0.879
cifar,"dropout,whitening,residual,layernorm,dense",0.859,0.878
cifar,"dropout,attention,residual,layernorm,dense",0.859,0.883
cifar,"whitening,attention,residual,layernorm,dense",0.859,0.884
cifar,"batchnorm,dropout,whitening,attention,residual,layernorm",0.859,0.888
cifar,"batchnorm,dropout,whitening,attention,residual,dense",0.859,0.887
cifar,"batchnorm,dropout,whitening,attention,layernorm,dense",0.859,0.884
cifar,"batchnorm,dropout,whitening,residual,layernorm,dense",0.859,0.883
cifar,"batchnorm,dropout,attention,residual,layernorm,dense",0.859,0.888
cifar,"batchnorm,whitening,attention,residual,layernorm,dense",0.859,0.889
cifar,"dropout,whitening,attention,residual,layernorm,dense",0.859,0.886
cifar,"batchnorm,dropout,whitening,attention,residual,layernorm,dense",0.859,0.891
